<hazelcast xmlns:xsi="http://www.w3.org/2001/XMLSchema-instance"
           xsi:schemaLocation="http://www.hazelcast.com/schema/config
                               http://www.hazelcast.com/schema/config/hazelcast-config-3.11.xsd"
           xmlns="http://www.hazelcast.com/schema/config">
    <network>
        <join>
            <multicast enabled="true"/>
        </join>
    </network>

    <map name="people">
        <!-- custom attribute definitions -->
        <attributes>
            <attribute extractor="com.test.customer.AgeExtractor">age</attribute>
        </attributes>

        <!-- index definitions using custom attributes -->
        <indexes>
            <!-- custom attribute without an extraction parameter -->
            <index ordered="true">age</index>
        </indexes>
    </map>

    <map name="cars">
        <!-- custom attribute definitions -->
        <attributes>
            <attribute extractor="com.test.car.attribute.CarAttributeExtractor">attribute</attribute>
            <attribute extractor="com.test.car.trip.CarTripDistanceExtractor">tripDistance</attribute>
        </attributes>

        <!-- index definitions using custom attributes -->
        <indexes>
            <!-- custom attribute using an extraction parameter -->
            <index ordered="true">attribute[name]</index>
            <!-- custom attribute without an extraction parameter -->
            <index ordered="true">tripDistance</index>
        </indexes>
    </map>

    <map name="customers">
        <!-- custom attribute defined together with extractor -->
        <attributes>
            <attribute extractor="com.test.customer.AgeExtractor">age</attribute>
        </attributes>
    </map>

</hazelcast>
