<hazelcast xmlns:xsi="http://www.w3.org/2001/XMLSchema-instance"
           xsi:schemaLocation="http://www.hazelcast.com/schema/config
                               http://www.hazelcast.com/schema/config/hazelcast-config-3.11.xsd"
           xmlns="http://www.hazelcast.com/schema/config">

    <map name="articlesSerializedKeys">
        <near-cache>
            <in-memory-format>OBJECT</in-memory-format>
            <serialize-keys>true</serialize-keys>
            <cache-local-entries>true</cache-local-entries>
            <invalidate-on-change>false</invalidate-on-change>
            <eviction eviction-policy="NONE" max-size-policy="ENTRY_COUNT"/>
        </near-cache>
    </map>

    <map name="articlesObject">
        <near-cache>
            <in-memory-format>OBJECT</in-memory-format>
            <cache-local-entries>true</cache-local-entries>
            <invalidate-on-change>false</invalidate-on-change>
            <eviction eviction-policy="NONE" max-size-policy="ENTRY_COUNT"/>
        </near-cache>
    </map>

    <map name="articlesBinary">
        <near-cache>
            <in-memory-format>BINARY</in-memory-format>
            <cache-local-entries>true</cache-local-entries>
            <invalidate-on-change>false</invalidate-on-change>
            <eviction eviction-policy="NONE" max-size-policy="ENTRY_COUNT"/>
        </near-cache>
    </map>

    <map name="articlesEvictionPolicy">
        <near-cache>
            <in-memory-format>OBJECT</in-memory-format>
            <cache-local-entries>true</cache-local-entries>
            <invalidate-on-change>false</invalidate-on-change>
            <eviction eviction-policy="LRU" max-size-policy="ENTRY_COUNT" size="100"/>
        </near-cache>
    </map>

    <map name="articlesTTL">
        <near-cache>
            <in-memory-format>OBJECT</in-memory-format>
            <cache-local-entries>true</cache-local-entries>
            <invalidate-on-change>false</invalidate-on-change>
            <time-to-live-seconds>1</time-to-live-seconds>
            <eviction eviction-policy="NONE" max-size-policy="ENTRY_COUNT"/>
        </near-cache>
    </map>

    <map name="articlesMaxIdle">
        <near-cache>
            <in-memory-format>OBJECT</in-memory-format>
            <cache-local-entries>true</cache-local-entries>
            <invalidate-on-change>false</invalidate-on-change>
            <max-idle-seconds>1</max-idle-seconds>
            <eviction eviction-policy="NONE" max-size-policy="ENTRY_COUNT"/>
        </near-cache>
    </map>

    <map name="articlesInvalidation">
        <near-cache>
            <in-memory-format>OBJECT</in-memory-format>
            <cache-local-entries>false</cache-local-entries>
            <invalidate-on-change>true</invalidate-on-change>
            <eviction eviction-policy="NONE" max-size-policy="ENTRY_COUNT"/>
        </near-cache>
    </map>
</hazelcast>
