<?xml version="1.0" encoding="utf-8"?>
<!DOCTYPE hibernate-configuration PUBLIC
        "-//Hibernate/Hibernate Configuration DTD 3.0//EN"
        "http://hibernate.sourceforge.net/hibernate-configuration-3.0.dtd">
<hibernate-configuration>
    <session-factory>

        <property name="hibernate.dialect">org.hibernate.dialect.HSQLDialect</property>
        <property name="hibernate.connection.driver_class">org.hsqldb.jdbcDriver</property>
        <property name="hibernate.connection.username">SA</property>
        <property name="hibernate.connection.password"/>
        <property name="hibernate.connection.url">jdbc:hsqldb:mydatabase</property>
        <property name="hibernate.connection.autocommit">true</property>

        <property name="connection_pool_size">1</property>

        <!-- Drop and re-create the database schema on startup  
        <property name="hbm2ddl.auto">create</property>     -->

        <property name="show_sql">true</property>

        <mapping class="data.Person"/>

    </session-factory>
</hibernate-configuration>
