<?xml version="1.0" encoding="UTF-8"?>
<!--
  ~ Copyright (c) 2008-2018, Hazelcast, Inc. All Rights Reserved.
  ~
  ~ Licensed under the Apache License, Version 2.0 (the "License");
  ~ you may not use this file except in compliance with the License.
  ~ You may obtain a copy of the License at
  ~
  ~ http://www.apache.org/licenses/LICENSE-2.0
  ~
  ~ Unless required by applicable law or agreed to in writing, software
  ~ distributed under the License is distributed on an "AS IS" BASIS,
  ~ WITHOUT WARRANTIES OR CONDITIONS OF ANY KIND, either express or implied.
  ~ See the License for the specific language governing permissions and
  ~ limitations under the License.
  -->
<hazelcast xmlns:xsi="http://www.w3.org/2001/XMLSchema-instance"
           xsi:schemaLocation="http://www.hazelcast.com/schema/config
                               http://www.hazelcast.com/schema/config/hazelcast-config-3.11.xsd"
           xmlns="http://www.hazelcast.com/schema/config">

    <group>
        <name>cache</name>
        <password>dev-pass</password>
    </group>

    <!-- management center is disabled by default -->
    <management-center enabled="false" update-interval="3">http://localhost:8080/mancenter/</management-center>

    <network>
        <port auto-increment="true" port-count="100">5701</port>
        <join>
            <multicast enabled="true">
                <multicast-group>224.2.2.3</multicast-group>
                <multicast-port>54327</multicast-port>
            </multicast>
            <tcp-ip enabled="false" connection-timeout-seconds="30">
                <interface>10.1.1.1-10</interface>
            </tcp-ip>
        </join>
        <interfaces enabled="true">
            <interface>127.0.0.1</interface>
        </interfaces>
    </network>

    <serialization>
        <use-native-byte-order>true</use-native-byte-order>
        <allow-unsafe>true</allow-unsafe>
    </serialization>

    <cache name="test">
        <statistics-enabled>true</statistics-enabled>
        <in-memory-format>NATIVE</in-memory-format>
        <backup-count>1</backup-count>
        <async-backup-count>0</async-backup-count>
        <eviction size="90" max-size-policy="USED_NATIVE_MEMORY_PERCENTAGE" eviction-policy="LRU"/>
    </cache>

    <native-memory allocator-type="POOLED" enabled="true">
        <size unit="GIGABYTES" value="3"/>
    </native-memory>
</hazelcast>
