<?xml version="1.0" encoding="UTF-8"?>
<!--
  ~ Copyright (c) 2008-2018, Hazelcast, Inc. All Rights Reserved.
  ~
  ~ Licensed under the Apache License, Version 2.0 (the "License");
  ~ you may not use this file except in compliance with the License.
  ~ You may obtain a copy of the License at
  ~
  ~ http://www.apache.org/licenses/LICENSE-2.0
  ~
  ~ Unless required by applicable law or agreed to in writing, software
  ~ distributed under the License is distributed on an "AS IS" BASIS,
  ~ WITHOUT WARRANTIES OR CONDITIONS OF ANY KIND, either express or implied.
  ~ See the License for the specific language governing permissions and
  ~ limitations under the License.
  -->
<hazelcast-client xmlns:xsi="http://www.w3.org/2001/XMLSchema-instance"
                  xsi:schemaLocation="http://www.hazelcast.com/schema/client-config
                               http://www.hazelcast.com/schema/client-config/hazelcast-client-config-3.11.xsd"
                  xmlns="http://www.hazelcast.com/schema/client-config">
    <security>
        <credentials-factory class-name="com.hazelcast.examples.CustomCredentialsFactory">
            <properties>
                <property name="username">aUserNameForClients</property>
                <property name="key1">firstKeyForClients</property>
                <property name="key2">SecondKeyForClients</property>
            </properties>
        </credentials-factory>
    </security>
</hazelcast-client>
