<hazelcast xmlns:xsi="http://www.w3.org/2001/XMLSchema-instance"
           xsi:schemaLocation="http://www.hazelcast.com/schema/config
                               http://www.hazelcast.com/schema/config/hazelcast-config-3.11.xsd"
           xmlns="http://www.hazelcast.com/schema/config">
    <network>
        <join>
            <multicast enabled="true"/>
        </join>
    </network>

    <map name="personsWithIndex">
        <indexes>
            <index ordered="false">name.surname</index>
        </indexes>
    </map>

    <map name="personsWithoutIndex">
    </map>
</hazelcast>
