{
  "hazelcastConfig": {
    "licenseKey":"YOUR_LICENSE_KEY",
    "properties":{},
    "groupConfig":{"name":"dev","password":"dev-pass"},
    "networkConfig":{"port":5701,"portCount":100,"portAutoIncrement":true,"reuseAddress":true,"interfaces":{"enabled":false,"interfaceSet":[]},"join":{"multicastConfig":{"enabled":true,"multicastGroup":"224.2.2.3","multicastPort":54327,"multicastTimeoutSeconds":2,"multicastTimeToLive":32,"trustedInterfaces":[],"loopbackModeEnabled":false},"tcpIpConfig":{"connectionTimeoutSeconds":5,"enabled":false,"members":[]},"awsConfig":{"enabled":false,"region":"us-east-1","hostHeader":"ec2.amazonaws.com","connectionTimeoutSeconds":5},"discoveryConfig":{"discoveryStrategyConfigs":[]}}},
    "mapConfigs":{},
    "cacheConfigs":{},
    "topicConfigs":{},
    "reliableTopicConfigs":{},
    "queueConfigs":{},
    "multiMapConfigs":{},
    "listConfigs":{},
    "setConfigs":{},
    "executorConfigs":{},
    "durableExecutorConfigs":{},
    "semaphoreConfigs":{},
    "replicatedMapConfigs":{},
    "wanReplicationConfigs":{},
    "jobTrackerConfigs":{},
    "quorumConfigs":{},
    "ringbufferConfigs":{},
    "servicesConfig":{"enableDefaults":true,"services":{}},
    "securityConfig":{"enabled":false,"memberCredentialsConfig":{"properties":{}},"memberLoginModuleConfigs":[],"securityInterceptorConfigs":[],"clientLoginModuleConfigs":[],"clientPolicyConfig":{"properties":{}},"clientPermissionConfigs":[]},
    "listenerConfigs":[],
    "partitionGroupConfig":{"enabled":false,"groupType":"PER_MEMBER","memberGroupConfigs":[]},
    "managementCenterConfig":{"enabled":false,"updateInterval":3},
    "userContext":{},
    "memberAttributeConfig":{"attributes":{}},
    "nativeMemoryConfig":{"enabled":false,"size":{"value":512,"unit":"MEGABYTES"},"allocatorType":"POOLED","minBlockSize":16,"pageSize":4194304,"metadataSpacePercentage":12.5},
    "hotRestartPersistenceConfig":{"enabled":false,"baseDir":{"path":"hot-restart"},"parallelism":1,"validationTimeoutSeconds":120,"dataLoadTimeoutSeconds":900},
    "liteMember":false,
    "instanceCount":3
  },
  "instanceConfig": {"cooperativeThreadCount": 8,"flowControlPeriodMs": 100},
  "defaultEdgeConfig": {"highWaterMark": 2048,"queueSize": 1024,"receiveWindowMultiplier": 3,"packetSizeLimit": 16384},
  "properties": {}
}