<?xml version="1.0" encoding="UTF-8"?>

<beans xmlns="http://www.springframework.org/schema/beans"
       xmlns:xsi="http://www.w3.org/2001/XMLSchema-instance"
       xmlns:hz="http://www.hazelcast.com/schema/spring"
       xmlns:context="http://www.springframework.org/schema/context"
       xsi:schemaLocation="http://www.springframework.org/schema/beans
		http://www.springframework.org/schema/beans/spring-beans-2.5.xsd
		http://www.hazelcast.com/schema/spring
		http://www.hazelcast.com/schema/spring/hazelcast-spring-3.10.xsd
		http://www.springframework.org/schema/context
        http://www.springframework.org/schema/context/spring-context.xsd">

    <context:component-scan base-package="jet.spring"/>

    <bean id="instance" class="com.hazelcast.jet.Jet" factory-method="newJetInstance">
        <constructor-arg>
            <bean class="com.hazelcast.jet.config.JetConfig">
                <property name="hazelcastConfig">
                    <hz:config>
                        <!-- below line is necessary to enable @SpringAware annotation -->
                        <hz:spring-aware/>
                        <hz:group name="jet" password="jet-pass"/>
                        <hz:network port="5701" port-auto-increment="false">
                            <hz:join>
                                <hz:multicast enabled="false"/>
                                <hz:tcp-ip enabled="true">
                                    <hz:member>127.0.0.1:5701</hz:member>
                                </hz:tcp-ip>
                            </hz:join>
                        </hz:network>
                        <hz:map name="map" backup-count="3">
                        </hz:map>
                    </hz:config>
                </property>
                <property name="instanceConfig">
                    <bean class="com.hazelcast.jet.config.InstanceConfig">
                        <property name="cooperativeThreadCount" value="2"/>
                    </bean>
                </property>
                <property name="defaultEdgeConfig">
                    <bean class="com.hazelcast.jet.config.EdgeConfig">
                        <property name="queueSize" value="2048"/>
                    </bean>
                </property>
                <property name="properties">
                    <props>
                        <prop key="myKey">myValue</prop>
                    </props>
                </property>
            </bean>
        </constructor-arg>
    </bean>

    <bean id="client" class="com.hazelcast.jet.Jet" factory-method="newJetClient">
        <constructor-arg>
            <bean class="com.hazelcast.client.config.ClientConfig">
                <property name="groupConfig">
                    <bean class="com.hazelcast.config.GroupConfig">
                        <property name="name" value="jet"/>
                    </bean>
                </property>
            </bean>
        </constructor-arg>
    </bean>
</beans>