<?xml version="1.0" encoding="UTF-8"?>

<beans xmlns="http://www.springframework.org/schema/beans"
       xmlns:xsi="http://www.w3.org/2001/XMLSchema-instance"
       xmlns:jet="http://www.hazelcast.com/schema/jet-spring"
       xmlns:hz="http://www.hazelcast.com/schema/spring"
       xmlns:context="http://www.springframework.org/schema/context"
       xsi:schemaLocation="http://www.springframework.org/schema/beans
		http://www.springframework.org/schema/beans/spring-beans-2.5.xsd
		http://www.hazelcast.com/schema/spring
		http://www.hazelcast.com/schema/spring/hazelcast-spring-3.10.xsd
		http://www.hazelcast.com/schema/jet-spring
		http://www.hazelcast.com/schema/jet-spring/hazelcast-jet-spring-0.7.xsd
		http://www.springframework.org/schema/context
        http://www.springframework.org/schema/context/spring-context.xsd">

    <context:component-scan base-package="jet.spring"/>

    <jet:instance id="instance">
        <hz:config>
            <!-- below line is necessary to enable @SpringAware annotation -->
            <hz:spring-aware/>
            <hz:group name="jet" password="jet-pass"/>
            <hz:network port="5701" port-auto-increment="false">
                <hz:join>
                    <hz:multicast enabled="false"/>
                    <hz:tcp-ip enabled="true">
                        <hz:member>127.0.0.1:5701</hz:member>
                    </hz:tcp-ip>
                </hz:join>
            </hz:network>
            <hz:map name="map" backup-count="3">
            </hz:map>
        </hz:config>
        <jet:instance-config cooperative-thread-Count="2"/>
        <jet:default-edge-config queue-size="2048"/>
        <jet:properties>
            <hz:property name="myKey">myValue</hz:property>
        </jet:properties>
    </jet:instance>

    <jet:client id="client" depends-on="instance">
        <jet:group name="jet"/>
    </jet:client>

    <jet:map instance-ref="instance" name="my-map" id="my-map-bean"/>

    <jet:list instance-ref="client" name="my-list" id="my-list-bean"/>

</beans>