<?xml version="1.0" encoding="UTF-8"?>
<!--
  ~ Copyright (c) 2008-2018, Hazelcast, Inc. All Rights Reserved.
  ~
  ~ Licensed under the Apache License, Version 2.0 (the "License");
  ~ you may not use this file except in compliance with the License.
  ~ You may obtain a copy of the License at
  ~
  ~ http://www.apache.org/licenses/LICENSE-2.0
  ~
  ~ Unless required by applicable law or agreed to in writing, software
  ~ distributed under the License is distributed on an "AS IS" BASIS,
  ~ WITHOUT WARRANTIES OR CONDITIONS OF ANY KIND, either express or implied.
  ~ See the License for the specific language governing permissions and
  ~ limitations under the License.
  -->
<hazelcast-client xmlns:xsi="http://www.w3.org/2001/XMLSchema-instance"
                  xsi:schemaLocation="http://www.hazelcast.com/schema/client-config
                               http://www.hazelcast.com/schema/client-config/hazelcast-client-config-3.11.xsd"
                  xmlns="http://www.hazelcast.com/schema/client-config">

    <near-cache name="articlesSerializedKeys">
        <in-memory-format>OBJECT</in-memory-format>
        <serialize-keys>true</serialize-keys>
        <invalidate-on-change>false</invalidate-on-change>
        <eviction eviction-policy="NONE" max-size-policy="ENTRY_COUNT"/>
    </near-cache>
    
    <near-cache name="articlesObject">
        <in-memory-format>OBJECT</in-memory-format>
        <invalidate-on-change>false</invalidate-on-change>
        <eviction eviction-policy="NONE" max-size-policy="ENTRY_COUNT"/>
    </near-cache>

    <near-cache name="articlesBinary">
        <in-memory-format>BINARY</in-memory-format>
        <invalidate-on-change>false</invalidate-on-change>
        <eviction eviction-policy="NONE" max-size-policy="ENTRY_COUNT"/>
    </near-cache>

    <near-cache name="articlesEvictionPolicy">
        <in-memory-format>OBJECT</in-memory-format>
        <invalidate-on-change>false</invalidate-on-change>
        <eviction eviction-policy="LRU" max-size-policy="ENTRY_COUNT" size="100"/>
    </near-cache>

    <near-cache name="articlesTTL">
        <in-memory-format>OBJECT</in-memory-format>
        <invalidate-on-change>false</invalidate-on-change>
        <time-to-live-seconds>1</time-to-live-seconds>
        <eviction eviction-policy="NONE" max-size-policy="ENTRY_COUNT"/>
    </near-cache>

    <near-cache name="articlesMaxIdle">
        <in-memory-format>OBJECT</in-memory-format>
        <invalidate-on-change>false</invalidate-on-change>
        <max-idle-seconds>1</max-idle-seconds>
        <eviction eviction-policy="NONE" max-size-policy="ENTRY_COUNT"/>
    </near-cache>

    <near-cache name="articlesInvalidation">
        <in-memory-format>OBJECT</in-memory-format>
        <invalidate-on-change>true</invalidate-on-change>
        <eviction eviction-policy="NONE" max-size-policy="ENTRY_COUNT"/>
    </near-cache>

    <near-cache name="articlesPreloader">
        <in-memory-format>OBJECT</in-memory-format>
        <invalidate-on-change>false</invalidate-on-change>
        <eviction eviction-policy="NONE" max-size-policy="ENTRY_COUNT"/>
        <preloader enabled="true" directory="articlesPreloader"
                   store-initial-delay-seconds="5" store-interval-seconds="60"/>
    </near-cache>
</hazelcast-client>
