<?xml version="1.0"?>
<!DOCTYPE suppressions PUBLIC
        "-//Puppy Crawl//DTD Suppressions 1.1//EN"
        "http://www.puppycrawl.com/dtds/suppressions_1_1.dtd">

<suppressions>
    <!-- General -->
    <suppress checks="JavadocMethod" files=".*"/>
    <suppress checks="JavadocType" files=".*"/>
    <suppress checks="JavadocMethod" files=".*"/>
    <suppress checks="JavadocVariable" files=".*"/>
    <suppress checks="JavadocPackage" files=".*"/>

    <!-- Suppress duplicate checking of copyright notice -->
    <suppress checks="StrictDuplicateCode" files="\.java" lines="1-15"/>

    <suppress checks="NPathComplexity" files="com/hazelcast/examples/iterator/CacheIteratorUsage"/>
    <suppress checks="VisibilityModifierCheck" files="member/*" />
    <suppress checks="VisibilityModifierCheck" files="client/*" />
    <suppress checks="EmptyBlock" files="member/LockSample" />
    <suppress checks="EmptyBlock" files="client/LockSample" />
</suppressions>
