<hazelcast xmlns:xsi="http://www.w3.org/2001/XMLSchema-instance"
           xsi:schemaLocation="http://www.hazelcast.com/schema/config
                               http://www.hazelcast.com/schema/config/hazelcast-config-3.11.xsd"
           xmlns="http://www.hazelcast.com/schema/config">
    <network>
        <join>
            <multicast enabled="true"/>
        </join>
    </network>

    <map name="persons">
        <eviction-policy>LRU</eviction-policy>
        <max-size policy="used_heap_size">20</max-size>
        <min-eviction-check-millis>0</min-eviction-check-millis>
    </map>
</hazelcast>
