{
  "licenseKey": "YOUR_LICENSE_KEY",
  "instanceCount": 9,
  "tlsArchiveUrl": "VALID_URL",
  "mancenterAppName": "mancenter",
  "managementCenterConfig": {
    "enabled": true,
    "updateInterval": 2
  },
  "properties": {},
  "groupConfig": {
    "name": "dev",
    "password": "dev-pass"
  },
  "networkConfig": {
    "port": 5701,
    "portCount": 100,
    "portAutoIncrement": true,
    "reuseAddress": true,
    "interfaces": {
      "enabled": false,
      "interfaceSet": []
    },
    "join": {
      "multicastConfig": {
        "enabled": true,
        "multicastGroup": "224.2.2.3",
        "multicastPort": 54327,
        "multicastTimeoutSeconds": 2,
        "multicastTimeToLive": 32,
        "trustedInterfaces": [],
        "loopbackModeEnabled": false
      },
      "tcpIpConfig": {
        "connectionTimeoutSeconds": 5,
        "enabled": false,
        "members": []
      },
      "awsConfig": {
        "enabled": false,
        "region": "us-east-1",
        "hostHeader": "ec2.amazonaws.com",
        "connectionTimeoutSeconds": 5
      },
      "discoveryConfig": {
        "discoveryStrategyConfigs": []
      }
    },
    "sslConfig": {
      "enabled": true,
      "properties": {
        "protocol": "TLS",
        "keyStorePassword": "123456",
        "trustStorePassword": "123456",
        "keyManagerAlgorithm": "SunX509",
        "trustManagerAlgorithm": "SunX509"
      }
    }
  },
  "mapConfigs": {},
  "cacheConfigs": {},
  "topicConfigs": {},
  "reliableTopicConfigs": {},
  "queueConfigs": {},
  "multiMapConfigs": {},
  "listConfigs": {},
  "setConfigs": {},
  "executorConfigs": {},
  "durableExecutorConfigs": {},
  "semaphoreConfigs": {},
  "replicatedMapConfigs": {},
  "wanReplicationConfigs": {},
  "jobTrackerConfigs": {},
  "quorumConfigs": {},
  "ringbufferConfigs": {},
  "servicesConfig": {
    "enableDefaults": true,
    "services": {}
  },
  "securityConfig": {
    "enabled": false,
    "memberCredentialsConfig": {
      "properties": {}
    },
    "memberLoginModuleConfigs": [],
    "securityInterceptorConfigs": [],
    "clientLoginModuleConfigs": [],
    "clientPolicyConfig": {
      "properties": {}
    },
    "clientPermissionConfigs": []
  },
  "listenerConfigs": [],
  "partitionGroupConfig": {
    "enabled": false,
    "groupType": "PER_MEMBER",
    "memberGroupConfigs": []
  },
  "serializationConfig": {
    "portableVersion": 0,
    "checkClassDefErrors": true,
    "useNativeByteOrder": false,
    "byteOrder": {
      "name": "BIG_ENDIAN"
    },
    "enableCompression": false,
    "enableSharedObject": true,
    "allowUnsafe": false
  },
  "userContext": {},
  "memberAttributeConfig": {
    "attributes": {}
  },
  "nativeMemoryConfig": {
    "enabled": false,
    "size": {
      "value": 512,
      "unit": "MEGABYTES"
    },
    "allocatorType": "POOLED",
    "minBlockSize": 16,
    "pageSize": 4194304,
    "metadataSpacePercentage": 12.5
  },
  "hotRestartPersistenceConfig": {
    "enabled": false,
    "baseDir": {
      "path": "hot-restart"
    },
    "parallelism": 1,
    "validationTimeoutSeconds": 120,
    "dataLoadTimeoutSeconds": 900
  },
  "liteMember": false
}