<?xml version="1.0" encoding="UTF-8"?>
<!--
  ~
  ~  Copyright (c) 2008-2018, Hazelcast, Inc. All Rights Reserved.
  ~
  ~  Licensed under the Apache License, Version 2.0 (the "License");
  ~  you may not use this file except in compliance with the License.
  ~  You may obtain a copy of the License at
  ~
  ~  http://www.apache.org/licenses/LICENSE-2.0
  ~
  ~  Unless required by applicable law or agreed to in writing, software
  ~  distributed under the License is distributed on an "AS IS" BASIS,
  ~  WITHOUT WARRANTIES OR CONDITIONS OF ANY KIND, either express or implied.
  ~  See the License for the specific language governing permissions and
  ~  limitations under the License.
  ~
  -->
<hazelcast
        xsi:schemaLocation="http://www.hazelcast.com/schema/config
        http://www.hazelcast.com/schema/config/hazelcast-config-3.11.xsd"
        xmlns="http://www.hazelcast.com/schema/config"
        xmlns:xsi="http://www.w3.org/2001/XMLSchema-instance">
    <group>
        <name>${hazelcast.environment.name}</name>
        <password>${hazelcast.environment.password}</password>
    </group>
    <network>
        <join>
            <multicast enabled="false"/>
            <tcp-ip enabled="false"/>
            <aws enabled="true">
                <iam-role>${hazelcast.aws.iam-role}</iam-role>
                <region>${hazelcast.aws.region}</region>
                <tag-key>elasticbeanstalk:environment-name</tag-key>
                <tag-value>${hazelcast.environment.name}</tag-value>
            </aws>
        </join>
    </network>
</hazelcast>
