<?xml version="1.0" encoding="UTF-8"?>
<!--
  ~
  ~  Copyright (c) 2008-2018, Hazelcast, Inc. All Rights Reserved.
  ~
  ~  Licensed under the Apache License, Version 2.0 (the "License");
  ~  you may not use this file except in compliance with the License.
  ~  You may obtain a copy of the License at
  ~
  ~  http://www.apache.org/licenses/LICENSE-2.0
  ~
  ~  Unless required by applicable law or agreed to in writing, software
  ~  distributed under the License is distributed on an "AS IS" BASIS,
  ~  WITHOUT WARRANTIES OR CONDITIONS OF ANY KIND, either express or implied.
  ~  See the License for the specific language governing permissions and
  ~  limitations under the License.
  ~
  -->

<!DOCTYPE log4j:configuration PUBLIC "-//APACHE//DTD LOG4J 1.2//EN" "log4j.dtd">
<log4j:configuration xmlns:log4j="http://jakarta.apache.org/log4j/">

    <!-- Appenders -->
    <appender name="console" class="org.apache.log4j.ConsoleAppender">
        <param name="Target" value="System.out"/>
        <layout class="org.apache.log4j.PatternLayout">
            <param name="ConversionPattern" value="%-5p: %c - %m%n"/>
        </layout>
    </appender>

    <!-- Hazelcast Loggers -->
    <logger name="com.hazelcast">
        <level value="info"/>
    </logger>

    <logger name="com.hazelcast.samples">
        <level value="debug"/>
    </logger>

    <!-- Spring Loggers -->
    <logger name="org.springframework.core">
        <level value="info"/>
    </logger>

    <logger name="org.springframework.beans">
        <level value="info"/>
    </logger>

    <logger name="org.springframework.context">
        <level value="info"/>
    </logger>

    <logger name="org.springframework.web">
        <level value="info"/>
    </logger>

    <!-- Root Logger -->
    <root>
        <priority value="warn"/>
        <appender-ref ref="console"/>
    </root>

</log4j:configuration>
