<hazelcast xmlns:xsi="http://www.w3.org/2001/XMLSchema-instance"
           xsi:schemaLocation="http://www.hazelcast.com/schema/config
                               http://www.hazelcast.com/schema/config/hazelcast-config-3.11.xsd"
           xmlns="http://www.hazelcast.com/schema/config">

    <group>
        <name>clusterB</name>
        <password>clusterB-pass</password>
    </group>
    <license-key>YOUR_LICENSE_KEY</license-key>

    <network>
        <port>5702</port>
        <join>
            <multicast enabled="false"/>
            <tcp-ip enabled="true">
                <member>127.0.0.1:5702</member>
            </tcp-ip>
        </join>
    </network>

    <wan-replication name="AtoB">
        <wan-consumer>
            <class-name>com.hazelcast.enterprise.wan.solace.SolaceWanConsumer</class-name>
            <properties>
                <!-- IP:PORT of solace host -->
                <property name="host">192.168.2.68</property>
                <!-- Solace VPN name, optional  -->
                <!-- <property name="vpn.name">YOUR_VPN_NAME</property> -->

                <property name="username">admin</property>

                <!-- password is optional -->
                <!-- <property name="password">YOUR_PASSWORD</property> -->

                <!-- This property defines the queue name that will be polled by consumer. -->
                <property name="queue.name">Q/hz/clusterA</property>
            </properties>
        </wan-consumer>
    </wan-replication>
    <map name="default">
        <wan-replication-ref name="AtoB">
            <merge-policy>com.hazelcast.map.merge.PassThroughMergePolicy</merge-policy>
            <!-- Filters are optional -->
        </wan-replication-ref>
    </map>
</hazelcast>
