<hazelcast xmlns:xsi="http://www.w3.org/2001/XMLSchema-instance"
           xsi:schemaLocation="http://www.hazelcast.com/schema/config
                               http://www.hazelcast.com/schema/config/hazelcast-config-3.11.xsd"
           xmlns="http://www.hazelcast.com/schema/config">

    <network>
        <join>
            <multicast enabled="true"/>
        </join>
    </network>

    <semaphore name="semaphore">
        <initial-permits>3</initial-permits>
    </semaphore>
</hazelcast>
